{
  "className": "Weld",
  "properties": {
    "C0": [0, 0, 0.028121, 1, 0, 0, 0, 1, 0, 0, 0, 1],
    "C1": [-3.406402, -1.280754, -0.134719, 1, 0, 0, 0, 1, 0, 0, 0, 1]
  }
}
