{
	"FieldOfViewMode": "Enum.FieldOfViewMode.Vertical",
	"FieldOfView": 70,
	"HeadLocked": true,
	"CFrame": [18.263042449951172, 56.11451721191406, 79.81768798828125, 0.7747800350189209, 0.3249182105064392, -0.5423504710197449, -1.4901161193847656e-8, 0.857836127281189, 0.5139233469963074, 0.6322308778762817, -0.39817753434181213, 0.6646342873573303],
	"CameraType": "Enum.CameraType.Fixed",
	"Focus": [19.34774398803711, 55.086669921875, 78.48841857910156, 1, 0, 0, 0, 1, 0, 0, 0, 1],
	"HeadScale": 1,
	"MaxAxisFieldOfView": 125.63768005371094,
	"Class": "Camera",
	"DiagonalFieldOfView": 153.71302795410156
}