{
  "className": "Weld",
  "properties": {
    "C0": [0, 0, -0.269943, 1, 0, 0, 0, -1, 0, 0, 0, -1],
    "C1": [-0.514282, 4.03585, -0.507339, -1, 0, 0, 0, -1, 0, 0, 0, 1]
  }
}
