{
  "className": "Weld",
  "properties": {
    "C0": [4.550003, 0, 0, 0, 0, 1, 0, -1, 0, 1, 0, 0],
    "C1": [-0.057159, 0.153594, -0.000015, 0, 0, 1, 0, -1, 0, 1, 0, 0]
  }
}
