{
  "className": "Model",
  "properties": {
    "WorldPivotData": {
      "OptionalCFrame": {
        "position": [1.192833, 12.871244, -56.86249],
        "orientation": [[1.7763568e-13, -7.7078415e-13, -0.99999666], [-6.2527723e-13, 0.99999934, -4.0161106e-13], [0.999996, 2.9842776e-13, 9.2370495e-14]]
      }
    }
  }
}
